rank,uri,artist_names,track_name,source,peak_rank,previous_rank,weeks_on_chart,streams
1,"spotify:track:5aAx2yezTd8zXrkmtKl66Z","The Weeknd, Daft Punk","Starboy","The Weeknd/Lyric",1,-1,1,"25286465"
2,"spotify:track:7BKLCZ1jbUBVqRi2FVlTVw","The Chainsmokers, Halsey","Closer","Disruptor Records/Columbia",2,-1,1,"22047697"
3,"spotify:track:5knuzwU65gJK7IF5yJsuaW","Clean Bandit, Anne-Marie, Sean Paul","Rockabye (feat. Sean Paul & Anne-Marie)","Atlantic Records UK",3,-1,1,"19794482"
4,"spotify:track:4pdPtRcBmOSQDlJ3Fk945m","DJ Snake, Justin Bieber","Let Me Love You","DJ Snake Def Jam",4,-1,1,"17965723"
5,"spotify:track:5MFzQMkrl1FOOng9tq6R9r","Maroon 5, Kendrick Lamar","Don't Wanna Know (feat. Kendrick Lamar)","Interscope Records*",5,-1,1,"16966668"
6,"spotify:track:6fujklziTHa8uoM5OQSfIo","Rae Sremmurd, Gucci Mane","Black Beatles","Mike WiLL Made-It",6,-1,1,"16831609"
7,"spotify:track:3NdDpSvN911VPGivFlV5d0","ZAYN, Taylor Swift","I Don’t Wanna Live Forever (Fifty Shades Darker)","Taylor Swift",7,-1,1,"16797090"
8,"spotify:track:343YBumqHu19cGoGARUTsd","Drake","Fake Love","Cash Money Records/Young Money Ent./Universal Rec.",8,-1,1,"16629189"
9,"spotify:track:6b8Be6ljOzmkOmFslEb23P","Bruno Mars","24K Magic","Atlantic Records",9,-1,1,"16023066"
10,"spotify:track:5uCax9HTNlzGybIStD3vDh","James Arthur","Say You Won't Let Go","Columbia",10,-1,1,"15571413"
11,"spotify:track:0bYg9bo50gSsH3LtXe2SQn","Mariah Carey","All I Want for Christmas Is You","Columbia",11,-1,1,"15094760"
12,"spotify:track:5GXAXm5YOmYT0kL5jHvYBt","The Weeknd, Daft Punk","I Feel It Coming","The Weeknd/Lyric",12,-1,1,"14845976"
13,"spotify:track:1xznGGDReH1oQq0xzbwXa3","Drake, Wizkid, Kyla","One Dance","Cash Money Records/Young Money Ent./Universal Rec.",13,-1,1,"13620191"
14,"spotify:track:6DNtNfH8hXkqOX1sjqmI7p","Major Lazer, Justin Bieber, MØ","Cold Water","Mad Decent PS (Bieber/Major Lazer)",14,-1,1,"13143341"
15,"spotify:track:6bLopGnirdrilrpdVB6Um1","Sia","The Greatest","Monkey Puzzle Records/RCA Records",15,-1,1,"13074479"
16,"spotify:track:04DwTuZ2VBdJCCC5TROn7L","Martin Garrix, Bebe Rexha","In the Name of Love","Epic Amsterdam",16,-1,1,"12854288"
17,"spotify:track:78rIJddV4X0HkNAInEcYde","Starley, Ryan Riback","Call on Me - Ryan Riback Remix","Central Station Records",17,-1,1,"12309223"
18,"spotify:track:6mICuAdrwEjh6Y6lroV2Kg","Shakira, Maluma","Chantaje (feat. Maluma)","Sony Music Latin",18,-1,1,"12104974"
19,"spotify:track:4pLwZjInHj3SimIyN9SnOz","Ariana Grande, Nicki Minaj","Side To Side","Universal Records",19,-1,1,"11964458"
20,"spotify:track:3EmmCZoqpWOTY1g2GBwJoR","Steve Aoki, Louis Tomlinson","Just Hold On","Ultra Records, LLC",20,-1,1,"11735194"
21,"spotify:track:2FRnf9qhLbvw8fu4IBXx78","Wham!","Last Christmas","Epic",21,-1,1,"11724752"
22,"spotify:track:1qOLh0tI7trd1zdDKxYZTe","Hailee Steinfeld, Grey, Zedd","Starving","UME - Global Clearing House",22,-1,1,"10932500"
23,"spotify:track:4Km5HrUvYTaSUfiSGPJeQR","Migos, Lil Uzi Vert","Bad and Boujee (feat. Lil Uzi Vert)","Quality Control Music",23,-1,1,"10635390"
24,"spotify:track:1PSBzsahR2AKwLJgx8ehBj","mgk, Camila Cabello","Bad Things (with Camila Cabello)","Bad Boy / Interscope",24,-1,1,"10620238"
25,"spotify:track:4TZy1wLyHec06pwgFYDh1a","Shawn Mendes","Mercy","Island Records",25,-1,1,"10507024"
26,"spotify:track:1vvNmPOiUuyCbgWmtc6yfm","Calvin Harris","My Way","Columbia",26,-1,1,"10330481"
27,"spotify:track:6i0V12jOa3mr6uu4WYhUBr","Twenty One Pilots","Heathens","Atlantic Records",27,-1,1,"10169963"
28,"spotify:track:2rizacJSyD9S1IQUxUxnsK","The Chainsmokers, Phoebe Ryan","All We Know (feat. Phoebe Ryan)","Disruptor Records/Columbia",28,-1,1,"10163696"
29,"spotify:track:0QsvXIfqM0zZoerQfsI9lm","The Chainsmokers, Daya","Don't Let Me Down","Disruptor Records/Columbia",29,-1,1,"9267559"
30,"spotify:track:4Hf7WnR761jpxPr5D46Bcd","Shawn Mendes","Treat You Better","Island Records",30,-1,1,"9168864"
31,"spotify:track:0prNGof3XqfTvNDxHonvdK","Alessia Cara","Scars To Your Beautiful","EP Entertainment, LLC / Def Jam",31,-1,1,"8583889"
32,"spotify:track:3AEZUABDXNtecAOSC1qTfo","CNCO","Reggaetón Lento (Bailemos)","Sony Music Latin",32,-1,1,"8223181"
33,"spotify:track:6nxQdXa1uAL0rY72wPZu89","John Legend","Love Me Now","Columbia",33,-1,1,"8203210"
34,"spotify:track:4b4KcovePX8Ke2cLIQTLM0","The Vamps, Matoma","All Night","EMI",34,-1,1,"7749405"
35,"spotify:track:6JV2JOEocMgcZxYSZelKcc","Justin Timberlake","CAN'T STOP THE FEELING! (from DreamWorks Animation's ""TROLLS"")","Villa 40/RCA Records",35,-1,1,"7734734"
36,"spotify:track:08WPvDEsHvTFuB9w8tC2OS","Sage The Gemini","Now and Later","Global Gemini",36,-1,1,"7724332"
37,"spotify:track:7aV2mflaASUmGhCErm7kBO","Nevada, Mark Morrison, Fetty Wap","The Mack","Capitol",37,-1,1,"7669735"
38,"spotify:track:1D3ODoXHBLpdxolZRHWV1j","Jonas Blue, RAYE","By Your Side","Positiva",38,-1,1,"7669293"
39,"spotify:track:68EMU2RD1ECNeOeJ5qAXCV","Charlie Puth, Selena Gomez","We Don't Talk Anymore (feat. Selena Gomez)","Artist Partner",39,-1,1,"7596658"
40,"spotify:track:0JiVRyTJcJnmlwCZ854K4p","Alan Walker","Alone","Kreatell Music",40,-1,1,"7584237"
41,"spotify:track:0lLdorYw7lVrJydTINhWdI","Michael Bublé","It's Beginning to Look a Lot like Christmas","143/Reprise",41,-1,1,"7493998"
42,"spotify:track:4Q4jmPHwu0wrJvqrld0FQ6","Zara Larsson","I Would Like","Epic/Record Company TEN",42,-1,1,"7461568"
43,"spotify:track:4F7A0DXBrmUAkp32uenhZt","The Weeknd","Party Monster","The Weeknd/Lyric",43,-1,1,"7431097"
44,"spotify:track:6rQSrBHf7HlZjtcMZ4S4bO","J Balvin, Pharrell Williams, BIA, Sky Rompiendo","Safari","UMLE - Latino",44,-1,1,"7286559"
45,"spotify:track:5hslUAKq9I9CG2bAulFkHN","Andy Williams","It's the Most Wonderful Time of the Year","Columbia/Legacy",45,-1,1,"7232257"
46,"spotify:track:27SdWb2rFzO6GWiYDBTD9j","Sia","Cheap Thrills","Monkey Puzzle Records/RCA Records",46,-1,1,"7218935"
47,"spotify:track:6I6NX6tjGsxFAsIfGzY9lJ","J. Cole","Deja Vu","J. Cole P&D",47,-1,1,"7217628"
48,"spotify:track:7yyRTcZmCiyzzJlNzGC9Ol","DRAM, Lil Yachty","Broccoli (feat. Lil Yachty)","Empire/Atlantic",48,-1,1,"7143405"
49,"spotify:track:17Fd6Yb7mSbinKG8LoWfFl","Mike Posner, Seeb","I Took A Pill In Ibiza - Seeb Remix","Monster Mountain, LLC / Island",49,-1,1,"7093486"
50,"spotify:track:5hTpBe8h35rJ67eAWHQsJx","Aminé","Caroline","Universal Records",50,-1,1,"7091625"
51,"spotify:track:1cImYkHOQMFE7AZC9aOk4y","Bobby Helms","Jingle Bell Rock","Geffen",51,-1,1,"7055550"
52,"spotify:track:7DM4BPaS7uofFul3ywMe46","Ricky Martin, Maluma","Vente Pa' Ca (feat. Maluma)","Sony Music Latin",52,-1,1,"6588326"
53,"spotify:track:3QwBODjSEzelZyVjxPOHdq","Zion & Lennox, J Balvin","Otra Vez (feat. J Balvin)","WEA Latina",53,-1,1,"6449470"
54,"spotify:track:2Z8WuEywRWYTKe1NybPQEW","Twenty One Pilots","Ride","Fueled By Ramen",54,-1,1,"6394724"
55,"spotify:track:1cG0umU5TKStygKsPFZ9pY","Robin Schulz, David Guetta, Cheat Codes","Shed a Light","WM Germany",55,-1,1,"6295040"
56,"spotify:track:5hYTyyh2odQKphUbMqc5gN","Alessia Cara, Disney","How Far I'll Go - Alessia Cara Version","Walt Disney Records",56,-1,1,"6273292"
57,"spotify:track:1a5Yu5L18qNxVhXx38njON","Alok, Zeeba, Bruno Martini","Hear Me Now","Spinnin' Records",57,-1,1,"6269293"
58,"spotify:track:3AsAuGTaDQzavZZThyYlop","NEIKED, Dyo","Sexual","Polydor Records",58,-1,1,"6070351"
59,"spotify:track:7inXu0Eaeg02VsM8kHNvzM","Frank Sinatra, B. Swanson Quartet","Let It Snow! Let It Snow! Let It Snow! (with The B. Swanson Quartet)","Columbia/Legacy",59,-1,1,"5981969"
60,"spotify:track:4so0Wek9Ig1p6CRCHuINwW","Bing Crosby, Ken Darby Singers, John Scott Trotter & His Orchestra","White Christmas - 1947 Version","Geffen",60,-1,1,"5949789"
61,"spotify:track:5bZtRlMBU76vHuDOb1GM5u","Jonas Blue, JP Cooper","Perfect Strangers","UMOD (Universal Music On Demand)",61,-1,1,"5874412"
62,"spotify:track:0azC730Exh71aQlOt9Zj3y","Calvin Harris, Rihanna","This Is What You Came For","Columbia",62,-1,1,"5682904"
63,"spotify:track:0SGkqnVQo9KPytSri1H6cF","Big Sean","Bounce Back","Getting Out Our Dreams Inc. (G.O.O.D.) Music / IDJ",63,-1,1,"5581496"
64,"spotify:track:11KJSRSgaDxqydKYiD2Jew","Drake, Rihanna","Too Good","Cash Money Records/Young Money Ent./Universal Rec.",64,-1,1,"5568347"
65,"spotify:track:3CRDbSIZ4r5MsZ0YwxuEkn","Twenty One Pilots","Stressed Out","Fueled By Ramen",65,-1,1,"5561301"
66,"spotify:track:3T7dNA7O8c3Axj5WyDNcH3","Brenda Lee","Rockin' Around The Christmas Tree","MCA Nashville",66,-1,1,"5553147"
67,"spotify:track:7vRriwrloYVaoAe3a9wJHe","gnash, Olivia O'Brien","i hate u, i love u (feat. olivia o'brien)",":):",67,-1,1,"5529838"
68,"spotify:track:7taXf5odg9xCAZERYfyOkS","José Feliciano","Feliz Navidad","RCA/BMG Heritage",68,-1,1,"5503666"
69,"spotify:track:4tCtwWceOPWzenK2HAIJSb","Fifth Harmony, Ty Dolla $ign","Work from Home (feat. Ty Dolla $ign)","Syco Music/Epic",69,-1,1,"5426035"
70,"spotify:track:1hvpDAxZPKjKztOc72sv06","Band Aid","Do They Know It's Christmas? - 1984 Version","EMI",70,-1,1,"5360185"
71,"spotify:track:58zsLZPvfflaiIbNWoA22O","Rag'n'Bone Man","Human","Best Laid Plans/Columbia",71,-1,1,"5332630"
72,"spotify:track:7gHs73wELdeycvS48JfIos","Alan Walker","Faded","Kreatell Music",72,-1,1,"5324718"
73,"spotify:track:5OOkp4U9P9oL23maHFHL1h","Desiigner","Panda","Getting Out Our Dreams Inc. (G.O.O.D.) Music / IDJ",73,-1,1,"5286319"
74,"spotify:track:3hB5DgAiMAQ4DzYbsMq1IT","Justin Bieber","Love Yourself","RBMG/Def Jam",74,-1,1,"5262534"
75,"spotify:track:14WWzenpaEgQZlqPq2nk4v","Rihanna, Drake","Work","Roc Nation / Rihanna",75,-1,1,"5193349"
76,"spotify:track:69bp2EbF7Q2rqc5N3ylezZ","Justin Bieber","Sorry","RBMG/Def Jam",76,-1,1,"5191994"
77,"spotify:track:3QiAAp20rPC3dcAtKtMaqQ","Elvis Presley","Blue Christmas","RCA Victor",77,-1,1,"5185497"
78,"spotify:track:4dASQiO1Eoo3RJvt74FtXB","Lil Wayne, Wiz Khalifa, Imagine Dragons, X Ambassadors, Logic, Ty Dolla $ign","Sucker for Pain (with Wiz Khalifa, Imagine Dragons, Logic & Ty Dolla $ign feat. X Ambassadors)","Atlantic Records",78,-1,1,"5183750"
79,"spotify:track:6HUnnBwYZqcED1eQztxMBN","Martin Jensen","Solo Dance","disco:wax",79,-1,1,"5126414"
80,"spotify:track:1lItf5ZXJc1by9SbPeljFd","Zay Hilfigerrr, Zayion McCall","Juju on That Beat (TZ Anthem)","Tha Lights Global, INC/Atlantic Recording Corp",80,-1,1,"5077939"
81,"spotify:track:0B8B8cVRFIG1yznoQe7c9s","The Chainsmokers, XYLØ","Setting Fires","Disruptor Records/Columbia",81,-1,1,"5056330"
82,"spotify:track:2ISl1zekPsc26sUQpVt8UB","Shakin' Stevens","Merry Christmas Everyone","Sony Music CG",82,-1,1,"4997993"
83,"spotify:track:2BrzlUj1u1CtvaJDGIKpsP","Noah Cyrus, Labrinth","Make Me (Cry)","Records Label, LLC",83,-1,1,"4926962"
84,"spotify:track:1ADjWm8QNhgNV8yCNNgQ1T","Ariana Grande","Santa Tell Me","Universal Records",84,-1,1,"4899973"
85,"spotify:track:0sXvAOmXgjR2QUqLK1MltU","Carlos Vives, Shakira","La Bicicleta","Sony Music Latin",85,-1,1,"4896546"
86,"spotify:track:5uDASfU19gDxSjW8cnCaBp","Rob $tone, J. Davi$, J Spooks","Chill Bill (feat. J. Davi$ & Spooks)","RCA Records Label",86,-1,1,"4888031"
87,"spotify:track:3zJw3rugfpVrmBeDDnUYzy","John Lennon, Yoko Ono","Happy Xmas (War Is Over) - Remastered 2010","EMI Catalogue",87,-1,1,"4885251"
88,"spotify:track:0YHUITU3w6ws1v8ehT264g","Little Mix","Shout Out to My Ex","Syco Music",88,-1,1,"4836418"
89,"spotify:track:2HzfRSfCogBSsgW2CckVA2","Luke Christopher","Lot to Learn","ByStorm Entertainment/RCA Records",89,-1,1,"4833942"
90,"spotify:track:32OWobmyAz8J2qA8iWekyS","Justin Bieber","Mistletoe","RBMG/Def Jam",90,-1,1,"4817146"
91,"spotify:track:5J1c3M4EldCfNxXwrwt8mT","Sebastian Yatra","Traicionera","UMLE - Latino",91,-1,1,"4805621"
92,"spotify:track:6F609ICg9Spjrw1epsAnpa","Drake","Controlla","Cash Money Records/Young Money Ent./Universal Rec.",92,-1,1,"4781312"
93,"spotify:track:4vb4mFvYsr2h6enhjJsq9Y","Adele","Water Under the Bridge","XL Recordings",93,-1,1,"4765744"
94,"spotify:track:2CPqh63wRVscbceKcPxwvv","Mike Perry, shy martin","The Ocean (feat. Shy Martin)","DF Records",94,-1,1,"4607088"
95,"spotify:track:1OAiWI2oPmglaOiv9fdioU","Coldplay, Seeb","Hymn for the Weekend - Seeb Remix","Parlophone UK",95,-1,1,"4590654"
96,"spotify:track:1Tt4sE4pXi57mTD1GCzsqm","Rihanna","Needed Me","Roc Nation / Rihanna",96,-1,1,"4583611"
97,"spotify:track:2wDjpPW3HZdA9quPPmZAMu","Cashmere Cat, Selena Gomez, Tory Lanez","Trust Nobody (feat. Selena Gomez & Tory Lanez)","Benny Blanco Major",97,-1,1,"4571592"
98,"spotify:track:4h90qkbnW1Qq6pBhoPvwko","The Weeknd, Kendrick Lamar","Sidewalks","The Weeknd/Lyric",98,-1,1,"4570153"
99,"spotify:track:5humEOJehpAwMJEJmb0JJ2","Nat King Cole","The Christmas Song (Merry Christmas To You)","Capitol Records",99,-1,1,"4534872"
100,"spotify:track:6fwdbPMwP1zVStm8FybmkO","21 Savage, Metro Boomin, Future","X (feat. Future)","Slaughter Gang, LLC",100,-1,1,"4508475"
101,"spotify:track:58IL315gMSTD37DOZPJ2hf","Daddy Yankee","Shaky Shaky","Craft Latino",101,-1,1,"4460038"
102,"spotify:track:0L7loeTIg6akW84aEQZpCT","Major Lazer, Diplo, Nyla, Fuse ODG","Light It Up (Remix)","DML Music IP",102,-1,1,"4420554"
103,"spotify:track:2aFiaMXmWsM3Vj72F9ksBl","DNCE","Cake By The Ocean","Joseph Jonas/Republic Records",103,-1,1,"4408356"
104,"spotify:track:7129iqBafaphfc3WPCGC0L","Lukas Graham","7 Years","Warner Records",104,-1,1,"4397591"
105,"spotify:track:0kN8xEmgMW9mh7UmDYHlJP","Bruno Mars","Versace on the Floor","Atlantic Records",105,-1,1,"4396780"
106,"spotify:track:0hNduWmlWmEmuwEFcYvRu1","Petit Biscuit","Sunset Lover","Petit Biscuit",106,-1,1,"4385053"
107,"spotify:track:4ckuS4Nj4FZ7i3Def3Br8W","Drake, 21 Savage","Sneakin’","Cash Money Records/Young Money Ent./Universal Rec.",107,-1,1,"4283490"
108,"spotify:track:4mU5iXHeLgbR94siF7p1sY","The Weeknd","Six Feet Under","The Weeknd/Lyric",108,-1,1,"4275228"
109,"spotify:track:4gmmRb6bZJffOOiww1JGTO","21 Savage, Metro Boomin","No Heart","Slaughter Gang, LLC",109,-1,1,"4257945"
110,"spotify:track:3VTNVsTTu05dmTsVFrmGpK","The Pogues, Kirsty MacColl","Fairytale of New York (feat. Kirsty MacColl)","WM UK",110,-1,1,"4245077"
111,"spotify:track:550rQQCGkrTzvp4SfpOPzx","Pentatonix","Hallelujah","RCA Records Label",111,-1,1,"4164977"
112,"spotify:track:4OZEu0Vwq0RB2LAq14v99n","DJ Snake, Bipolar Sunshine","Middle","DJ Snake Def Jam",112,-1,1,"4147726"
113,"spotify:track:40UroIGvsMPLPBYwH8rMNA","Vice, Jasmine Thompson, Skizzy Mars","Steady 1234 (feat. Jasmine Thompson & Skizzy Mars)","Atlantic Records",113,-1,1,"4145668"
114,"spotify:track:2XMTqoHHSH0lvuXrvIEdco","FRENSHIP, Emily Warren","Capsize","Columbia",114,-1,1,"4112369"
115,"spotify:track:7yHEDfrJNd0zWOfXwydNH0","Ariana Grande","Into You","Universal Records",115,-1,1,"4112003"
116,"spotify:track:0tICYNayWWhH9GPeFrfjfD","Kungs, Cookin' On 3 Burners","This Girl (Kungs Vs. Cookin' On 3 Burners)","Universal Music Division Polydor France",116,-1,1,"4060819"
117,"spotify:track:0EPxmvsG1BY5td4aTOkWBF","MC G15","Deu Onda","GR6 Music",117,-1,1,"4054555"
118,"spotify:track:6YZdkObH88npeKrrkb8Ggf","Enrique Iglesias, Wisin","DUELE EL CORAZON (feat. Wisin)","RCA Records/Sony Music International/Sony Music Latin",118,-1,1,"4053683"
119,"spotify:track:4nMlau89VAjmV7agkl7OY3","Andy Grammer","Fresh Eyes","S-Curve Records",119,-1,1,"4008319"
120,"spotify:track:0utlOiJy2weVl9WTkcEWHy","J. Cole","Neighbors","J. Cole P&D",120,-1,1,"4005289"
121,"spotify:track:3kxfsdsCpFgN412fpnW85Y","Childish Gambino","Redbone","Glassnote - VMG",121,-1,1,"3870641"
122,"spotify:track:1FUViuNSldssMIawrOXF2i","Bebe Rexha","I Got You","Warner Records",122,-1,1,"3863605"
123,"spotify:track:6fxVffaTuwjgEk5h9QyRjy","Ed Sheeran","Photograph","Atlantic Records UK",123,-1,1,"3836919"
124,"spotify:track:4BHzQ9C00ceJxfG16AlNWb","Adele","Send My Love (To Your New Lover)","XL Recordings",124,-1,1,"3819479"
125,"spotify:track:7JYsArznYOjX2jsrT3UEnL","Young M.A","OOOUUU","M.A Music / 3D",125,-1,1,"3813380"
126,"spotify:track:40YcuQysJ0KlGQTeGUosTC","G-Eazy, Bebe Rexha","Me, Myself & I","BPG/RVG/RCA Records",126,-1,1,"3812423"
127,"spotify:track:5nA67Y0XX9JipZwYxX7Gl7","Niall Horan","This Town","Capitol Records (US1A)",127,-1,1,"3804828"
128,"spotify:track:6stYbAJgTszHAHZMPxWWCY","IAmChino, Pitbull, Yandel, El Chacal","Ay Mi Dios","Mr. 305 Records",128,-1,1,"3804156"
129,"spotify:track:1CnPYaKxTVb4LWOtiGOm0m","Jon Bellion","All Time Low","Capitol Records (CAP)",129,-1,1,"3787799"
130,"spotify:track:6OZh916QF8XNunWaP97WEZ","Jonas Blue, Dakota","Fast Car","Positiva",130,-1,1,"3783928"
131,"spotify:track:6AGON2BGdPmPMJGiiNuuwl","J. Cole","Immortal","J. Cole P&D",131,-1,1,"3778441"
132,"spotify:track:37F0uwRSrdzkBiuj0D5UHI","The Weeknd","Reminder","The Weeknd/Lyric",132,-1,1,"3766577"
133,"spotify:track:20ZAJdsKB5IGbGj4ilRt2o","Ozuna","Dile Que Tu Me Quieres","VP Records Corp/Dimelo Vi",133,-1,1,"3682124"
134,"spotify:track:4qqArAiTPueDxIp7cf87h7","MØ","Final Song","Chess Club/RCA Victor",134,-1,1,"3658284"
135,"spotify:track:4WjH9Bzt3kx7z8kl0awxh4","Major Lazer, DJ Snake, MØ, Diplo","Lean On","DML Music IP",135,-1,1,"3631857"
136,"spotify:track:4gavOCQdZ2g86gkvi17FM7","Paul McCartney","Wonderful Christmastime - Edited Version / Remastered 2011","Paul McCartney Catalog",136,-1,1,"3607798"
137,"spotify:track:7wiESxCGoUkRdgZF2JOLZu","The Ronettes","Sleigh Ride","Legacy Recordings",137,-1,1,"3593955"
138,"spotify:track:2pnPe4pJtq7689i5ydzvJJ","Chuck Berry","Run Rudolph Run","Geffen*",138,-1,1,"3585299"
139,"spotify:track:6IeK3Ap5m3HabwJxgI6eSE","Perry Como, The Fontane Sisters, Mitchell Ayres & His Orchestra","It's Beginning to Look a Lot Like Christmas (with Mitchell Ayres & His Orchestra)","RCA Records Label",139,-1,1,"3556525"
140,"spotify:track:65Q2mv3UlVi9eO70OpsmSe","Burl Ives","A Holly Jolly Christmas","Geffen",140,-1,1,"3545756"
141,"spotify:track:6DUdDIRgLqCGq1DwkNWQTN","Maluma","Borro Cassette","Sony Music Latin",141,-1,1,"3542282"
142,"spotify:track:2gbCG4Rt9984UZ7Tc0dIFd","Michael Bublé, Shania Twain","White Christmas (with Shania Twain)","143/Reprise",142,-1,1,"3512996"
143,"spotify:track:04CttTezSnv71USiiG9mIo","Hearts & Colors, Andrelli","Lighthouse - Andrelli Remix","Firefly Entertainment",143,-1,1,"3500923"
144,"spotify:track:2MHCiOohBZEQuLgDTPvSzF","Galantis, Hook N Sling","Love on Me","Big Beat Records",144,-1,1,"3475690"
145,"spotify:track:36YCdzT57us0LhDmCYtrNE","The Weeknd","Rockin’","The Weeknd/Lyric",145,-1,1,"3466167"
146,"spotify:track:3E2Zh20GDCR9B1EYjfXWyv","AJR","Weak","BMG Rights Management (US) LLC",146,-1,1,"3465629"
147,"spotify:track:2Ae5awwKvQpTBKQHr1TYCg","Nause, Pretty Sister","Dynamite (feat. Pretty Sister)","WM Sweden",147,-1,1,"3460528"
148,"spotify:track:02WacdrRpm4zlP8H7X6bnQ","Calum Scott","Dancing On My Own","Capitol Records (US1A)",148,-1,1,"3454666"
149,"spotify:track:1WP1r7fuvRqZRnUaTi2I1Q","Shawn Mendes","Stitches","Island Records",149,-1,1,"3434331"
150,"spotify:track:1Slwb6dOYkBlWal1PGtnNg","Ed Sheeran","Thinking out Loud","Atlantic Records UK",150,-1,1,"3414937"
151,"spotify:track:4sPmO7WMQUAf45kwMOtONw","Adele","Hello","XL Recordings",151,-1,1,"3402213"
152,"spotify:track:3YQUpKTmtgPJf8u6ooi9KA","Elton John","Step Into Christmas - Remastered 1995","UMC (Universal Music Catalogue)",152,-1,1,"3392730"
153,"spotify:track:5mey7CLLuFToM2P68Qu1gF","Chino & Nacho, Daddy Yankee","Andas En Mi Cabeza","UMLE - Machete",153,-1,1,"3388786"
154,"spotify:track:6O6M7pJLABmfBRoGZMu76Y","The Chainsmokers, ROZES","Roses","Disruptor Records/Columbia",154,-1,1,"3373168"
155,"spotify:track:3pzjHKrQSvXGHQ98dx18HI","Justin Bieber","What Do You Mean?","RBMG/Def Jam",155,-1,1,"3372990"
156,"spotify:track:6tjituizSxwSmBB5vtgHZE","Michael Bublé","Holly Jolly Christmas","143/Reprise",156,-1,1,"3354418"
157,"spotify:track:0ADG9OgdVTL7fgREP75BrZ","Zara Larsson","Ain't My Fault","Epic/Record Company TEN",157,-1,1,"3315571"
158,"spotify:track:1rIKgCH4H52lrvDcz50hS8","Zara Larsson","Lush Life","Epic/Record Company TEN",158,-1,1,"3278059"
159,"spotify:track:6s2wpWPFPAgKg2LXxi1Oee","Bruce Springsteen","Santa Claus Is Comin' to Town - Live at C.W. Post College, Greenvale, NY - December 1975","NITRON concepts",159,-1,1,"3271383"
160,"spotify:track:5DA77EqppDmCTWGovd4oTP","Cheat Codes, Kris Kross Amsterdam","Sex","Casablanca new/Republic Records",160,-1,1,"3264349"
161,"spotify:track:2aksifNn5ph8igDOkPBA02","Rihanna","Love On The Brain","Roc Nation / Rihanna",161,-1,1,"3259649"
162,"spotify:track:1foCxQtxBweJtZmdxhEHVO","Eartha Kitt, Henri René and His Orchestra","Santa Baby (with Henri René & His Orchestra)","RCA Bluebird",162,-1,1,"3254640"
163,"spotify:track:0JoHqmlqE0W0i9prt6kcHR","Maluma, Trap Capos, Noriel, Bryant Myers, Juhn","Cuatro Babys (feat. Trap Capos, Noriel, Bryant Myers & Juhn)","Sony Music Latin",163,-1,1,"3249429"
164,"spotify:track:2R7858bg0GHuBBxjTyOL7N","George Michael","Careless Whisper","Sony Music UK",164,-1,1,"3224559"
165,"spotify:track:0PDUDa38GO8lMxLCRc4lL1","ZAYN","PILLOWTALK","RCA Records Label",165,-1,1,"3202717"
166,"spotify:track:5Ber68jZ7ytegr2UISEdb7","Michael Bublé","Santa Claus Is Coming to Town","143/Reprise",166,-1,1,"3194315"
167,"spotify:track:20dP2DaMHIAmwWAbp7peSr","Young Thug, Travis Scott, Quavo","pick up the phone (feat. Quavo)","Cactus Jack / Epic",167,-1,1,"3161853"
168,"spotify:track:0v9Wz8o0BT8DU38R4ddjeH","Chance the Rapper, Lil Wayne, 2 Chainz","No Problem (feat. Lil Wayne & 2 Chainz)","Chance the Rapper",168,-1,1,"3153421"
169,"spotify:track:7Hz6LLOVxrojLPIHJJ1S0E","Sam Smith","Have Yourself A Merry Little Christmas","PLG - Capitol",169,-1,1,"3152235"
170,"spotify:track:2s76aKBWKShlwPC4xTtEEE","State of Sound","Wake Up Where You Are","Columbia",170,-1,1,"3130502"
171,"spotify:track:4tHqQMWSqmL6YjXwsqthDI","John Williams","Carol of the Bells (From ""Home Alone"" Soundtrack)","Masterworks",171,-1,1,"3123441"
172,"spotify:track:0KKkJNfGyhkQ5aFogxQAPU","Bruno Mars","That's What I Like","Atlantic Records",172,-1,1,"3118035"
173,"spotify:track:4qBejt9FeqLI9blHI1Nq1x","Michael Bublé, The Puppini Sisters","Jingle Bells (feat. The Puppini Sisters)","143/Reprise",173,-1,1,"3094942"
174,"spotify:track:2FBUoWkIuQXwayw2RNo5l6","Drake","Hotline Bling","Cash Money Records/Young Money Ent./Universal Rec.",174,-1,1,"3088142"
175,"spotify:track:0gb1J5UrTpzaU1s3nupgCd","Galantis","No Money","Big Beat Records",175,-1,1,"3085962"
176,"spotify:track:6YnzBV7YkaXZNCK3tlnCfg","Boney M.","Mary's Boy Child / Oh My Lord","MCI",176,-1,1,"3052833"
177,"spotify:track:2ANLarE8yHVsLWW21nj79M","Lil Uzi Vert","You Was Right","Generation Now/Atlantic",177,-1,1,"3052662"
178,"spotify:track:3dQDid3IUNhZy1OehIfYfE","Wisin","Vacaciones","Sony Music Latin",178,-1,1,"3051423"
179,"spotify:track:2LBqCSwhJGcFQeTHMVGwy3","The Weeknd","Die For You","The Weeknd/Lyric",179,-1,1,"3045375"
180,"spotify:track:25khomWgBVamSdKw7hzm3l","The Weeknd","The Hills","The Weeknd/Lyric",180,-1,1,"3039017"
181,"spotify:track:7of1slAJIWrXxP8ikAHxje","James Hersey","Miss You","Glassnote - VMG",181,-1,1,"3028820"
182,"spotify:track:27GmP9AWRs744SzKcpJsTZ","Drake, Future","Jumpman","Cash Money Records Inc.",182,-1,1,"3019544"
183,"spotify:track:1Bqxj0aH5KewYHKUg1IdrF","G-Eazy, Marc E. Bassy","Some Kind Of Drug (feat. Marc E. Bassy)","BPG/RVG/RCA Records",183,-1,1,"3005489"
184,"spotify:track:7zTx8ePYAmPFQuxP3xlXZn","San Holo","Light","Columbia",184,-1,1,"3004050"
185,"spotify:track:7aiVBCp1ibIWE5GeHkbtxr","Britney Spears","My Only Wish (This Year)","Jive",185,-1,1,"2982674"
186,"spotify:track:2EEeOnHehOozLq4aS0n6SL","KYLE, Lil Yachty","iSpy (feat. Lil Yachty)","independently popular.",186,-1,1,"2979074"
187,"spotify:track:0xPaZrF25ltzvz1a2Pm5DQ","Michael Bublé","All I Want for Christmas Is You","143/Reprise",187,-1,1,"2978819"
188,"spotify:track:4fzyvSu73BhGvi96p2zwjL","Coldplay","Christmas Lights","Parlophone UK",188,-1,1,"2974733"
189,"spotify:track:5hEM0JchdVzQ5PwvSfITeX","Piso 21, Maluma, Juan Luis Londoño Arias ""Maluma""","Me Llamas (feat. Maluma) - Remix","WM Mexico",189,-1,1,"2974609"
190,"spotify:track:1AkTW13ysu0AJrwuM6UY0I","Charly Black, Daddy Yankee","Gyal You a Party Animal - Remix","Allezgo Productions",190,-1,1,"2962885"
191,"spotify:track:3DX4Y0egvc0slLcLl31h2p","The Weeknd","Secrets","The Weeknd/Lyric",191,-1,1,"2956670"
192,"spotify:track:0HEmnAUT8PHznIAAmVXqFJ","George Michael","Faith - Remastered","Epic",192,-1,1,"2934931"
193,"spotify:track:0lmdsH1MIoLsMymnNpd6HU","Cheat Codes, Dante Klein","Let Me Hold You (Turn Me On)","Spinnin' Records",193,-1,1,"2925768"
194,"spotify:track:7EiZI6JVHllARrX9PUvAdX","Future, The Weeknd","Low Life (feat. The Weeknd)","Epic/Freebandz/A1",194,-1,1,"2916084"
195,"spotify:track:78sr3ogs4UzITcCNbXM9cM","Future, Drake","Used to This (feat. Drake)","Epic/Freebandz/A1",195,-1,1,"2901747"
196,"spotify:track:62vpWI1CHwFy7tMIcSStl8","J. Cole","No Role Modelz","Roc Nation Records LLC",196,-1,1,"2900495"
197,"spotify:track:6mapJIPnQ23RTAevUoE0DL","Rae Sremmurd","Swang","Mike WiLL Made-It",197,-1,1,"2900455"
198,"spotify:track:26hcyzSE154xMZCbFdtInA","KREAM, Clara Mae","Taped Up Heart (feat. Clara Mae)","Big Beat Records",198,-1,1,"2871891"
199,"spotify:track:4QdovcM8j50QPlyR7tH4xe","Marc E. Bassy, G-Eazy","You & Me","Republic Records/Gee Roberson",199,-1,1,"2853532"
200,"spotify:track:3RiPr603aXAoi4GHyXx0uy","Coldplay","Hymn for the Weekend","Parlophone UK",200,-1,1,"2847836"
